Start,End,Pay
2021-04-29,2021-05-05,2021-05-14
2021-05-06,2021-05-12,2021-05-21
2021-05-13,2021-05-19,2021-05-28
2021-05-20,2021-05-26,2021-06-04
2021-05-27,2021-06-02,2021-06-11
2021-06-03,2021-06-09,2021-06-18
2021-06-10,2021-06-16,2021-06-25
2021-06-17,2021-06-23,2021-07-02
2021-06-24,2021-06-30,2021-07-09
2021-07-01,2021-07-07,2021-07-16
2021-07-08,2021-07-14,2021-07-23
2021-07-15,2021-07-21,2021-07-30
2021-07-22,2021-07-28,2021-08-06
2021-07-29,2021-08-04,2021-08-13
2021-08-05,2021-08-11,2021-08-20
2021-08-12,2021-08-18,2021-08-27
2021-08-19,2021-08-25,2021-09-03
2021-08-26,2021-09-01,2021-09-10
2021-09-02,2021-09-08,2021-09-17
2021-09-09,2021-09-15,2021-09-24
2021-09-16,2021-09-22,2021-10-01
2021-09-23,2021-09-29,2021-10-08
2021-09-30,2021-10-06,2021-10-15
2021-10-07,2021-10-13,2021-10-22
2021-10-14,2021-10-20,2021-10-29
2021-10-21,2021-10-27,2021-11-05
2021-10-28,2021-11-03,2021-11-12
2021-11-04,2021-11-10,2021-11-19
2021-11-11,2021-11-17,2021-11-26
2021-11-18,2021-11-24,2021-12-03
2021-11-25,2021-12-01,2021-12-10
2021-12-02,2021-12-08,2021-12-17
2021-12-09,2021-12-15,2021-12-24
2021-12-16,2021-12-22,2021-12-31
2021-12-23,2021-12-29,2022-01-07
2021-12-30,2022-01-05,2022-01-14
2022-01-06,2022-01-12,2022-01-21
2022-01-13,2022-01-19,2022-01-28
2022-01-20,2022-01-26,2022-02-04
2022-01-27,2022-02-02,2022-02-11
2022-02-03,2022-02-09,2022-02-18
2022-02-10,2022-02-16,2022-02-25
2022-02-17,2022-02-23,2022-03-04
2022-02-24,2022-03-02,2022-03-11
2022-03-03,2022-03-09,2022-03-18
2022-03-10,2022-03-16,2022-03-25
2022-03-17,2022-03-23,2022-04-01
2022-03-24,2022-03-30,2022-04-08
2022-03-31,2022-04-06,2022-04-15
2022-04-07,2022-04-13,2022-04-22
2022-04-14,2022-04-20,2022-04-29
2022-04-21,2022-04-27,2022-05-06
2022-04-28,2022-05-04,2022-05-13
2022-05-05,2022-05-11,2022-05-20
2022-05-12,2022-05-18,2022-05-27
2022-05-19,2022-05-25,2022-06-03
2022-05-26,2022-06-01,2022-06-10
2022-06-02,2022-06-08,2022-06-17
2022-06-09,2022-06-15,2022-06-24
2022-06-16,2022-06-22,2022-07-01
2022-06-23,2022-06-29,2022-07-08
2022-06-30,2022-07-06,2022-07-15
2022-07-07,2022-07-13,2022-07-22
2022-07-14,2022-07-20,2022-07-29
2022-07-21,2022-07-27,2022-08-05
2022-07-28,2022-08-03,2022-08-12
2022-08-04,2022-08-10,2022-08-19
2022-08-11,2022-08-17,2022-08-26
2022-08-18,2022-08-24,2022-09-02
2022-08-25,2022-08-31,2022-09-09
2022-09-01,2022-09-07,2022-09-16
2022-09-08,2022-09-14,2022-09-23
2022-09-15,2022-09-21,2022-09-30
2022-09-22,2022-09-28,2022-10-07
2022-09-29,2022-10-05,2022-10-14
2022-10-06,2022-10-12,2022-10-21
2022-10-13,2022-10-19,2022-10-28
2022-10-20,2022-10-26,2022-11-04
2022-10-27,2022-11-02,2022-11-11
2022-11-03,2022-11-09,2022-11-18
2022-11-10,2022-11-16,2022-11-25
2022-11-17,2022-11-23,2022-12-02
2022-11-24,2022-11-30,2022-12-09
2022-12-01,2022-12-07,2022-12-16
2022-12-08,2022-12-14,2022-12-23
2022-12-15,2022-12-21,2022-12-30
2022-12-22,2022-12-28,2023-01-06
2022-12-29,2023-01-04,2023-01-13
2023-01-05,2023-01-11,2023-01-20
2023-01-12,2023-01-18,2023-01-27
2023-01-19,2023-01-25,2023-02-03
2023-01-26,2023-02-01,2023-02-10
2023-02-02,2023-02-08,2023-02-17
2023-02-09,2023-02-15,2023-02-24
2023-02-16,2023-02-22,2023-03-03
2023-02-23,2023-03-01,2023-03-10
2023-03-02,2023-03-08,2023-03-17
2023-03-09,2023-03-15,2023-03-24
2023-03-16,2023-03-22,2023-03-31